id_municipio,nome_municipio,sigla_uf,probabilidade_atingir_meta_2024,classificacao_risco
2305803,Ipu,CE,0.0014318051571812808,Alto risco
2803609,Laranjeiras,SE,0.0017792785355377223,Alto risco
2303006,Caridade,CE,0.0017873591435022553,Alto risco
2801504,Carmópolis,SE,0.0018775600421156824,Alto risco
1502400,Castanhal,PA,0.0019038279672325296,Alto risco
2304707,Granja,CE,0.001935135265330947,Alto risco
2601607,Belém do São Francisco,PE,0.0019356305812462658,Alto risco
2303105,Cariré,CE,0.0019634755178305715,Alto risco
1304062,Tabatinga,AM,0.0020341156637019866,Alto risco
2804300,Muribeca,SE,0.002041359029996776,Alto risco
1303304,Novo Aripuanã,AM,0.002048561517144108,Alto risco
2402709,Cerro Corá,RN,0.002066256539083373,Alto risco
2305001,Guaraciaba do Norte,CE,0.0020692019361433747,Alto risco
1718709,Rio dos Bois,TO,0.0020808725980931936,Alto risco
1506302,Salvaterra,PA,0.0020820420105894105,Alto risco
1506203,Salinópolis,PA,0.0021065014494374757,Alto risco
1300144,Apuí,AM,0.002114416383074365,Alto risco
1200450,Senador Guiomard,AC,0.002133768741781854,Alto risco
2402402,Carnaúba dos Dantas,RN,0.002197506971558963,Alto risco
2311009,Poranga,CE,0.0022282983964798117,Alto risco
2311355,Quixelô,CE,0.002233626821448159,Alto risco
2304277,Ereré,CE,0.0022531827532241504,Alto risco
1600550,Pracuúba,AP,0.00225810214006759,Alto risco
2403707,Felipe Guerra,RN,0.0022617176042925686,Alto risco
1506195,Rurópolis,PA,0.002273473760564897,Alto risco
2301406,Aratuba,CE,0.0022872893022768182,Alto risco
1600279,Laranjal do Jari,AP,0.002317445940020788,Alto risco
2314102,Viçosa do Ceará,CE,0.002325927240516838,Alto risco
1200138,Bujari,AC,0.0023573093484016393,Alto risco
1501204,Baião,PA,0.0023715127395719606,Alto risco
2412500,São Miguel,RN,0.002374775194882785,Alto risco
2403202,Doutor Severiano,RN,0.0024059087388271262,Alto risco
2307635,Madalena,CE,0.0024112749360894453,Alto risco
1501006,Aveiro,PA,0.0024171767453976525,Alto risco
2414209,Tibau do Sul,RN,0.002417344047325612,Alto risco
1501725,Brasil Novo,PA,0.0024953246535432765,Alto risco
2310605,Penaforte,CE,0.0025010347336098773,Alto risco
2613404,São José da Coroa Grande,PE,0.002514994881328635,Alto risco
1717008,Pindorama do Tocantins,TO,0.0025213062365124347,Alto risco
1304237,Tonantins,AM,0.002527075959930904,Alto risco
2805109,Pedrinhas,SE,0.0025279267176304553,Alto risco
1505486,Pacajá,PA,0.0025297561256742572,Alto risco
1200385,Plácido de Castro,AC,0.00254239634609109,Alto risco
2305100,Guaramiranga,CE,0.002542783296408836,Alto risco
2611408,Primavera,PE,0.002546795963351002,Alto risco
2400307,Afonso Bezerra,RN,0.0025485992658422813,Alto risco
1503077,Garrafão do Norte,PA,0.0025848601930523493,Alto risco
1707553,Fátima,TO,0.0026017418702913844,Alto risco
2407104,Macaíba,RN,0.0026103512841391518,Alto risco
1303007,Nhamundá,AM,0.0026382151402224874,Alto risco
2412807,São Rafael,RN,0.002638763094194807,Alto risco
2804904,Pacatuba,SE,0.0026686351723689255,Alto risco
1506906,Santarém Novo,PA,0.0026843079745024934,Alto risco
1304104,Tapauá,AM,0.002687281861595521,Alto risco
1702703,Aurora do Tocantins,TO,0.002691573460811265,Alto risco
2604304,Cedro,PE,0.002709104067926146,Alto risco
1200435,Santa Rosa do Purus,AC,0.0027098480532894292,Alto risco
1600105,Amapá,AP,0.0027303626045879345,Alto risco
2800100,Amparo do São Francisco,SE,0.002730623760998871,Alto risco
1506500,Santa Izabel do Pará,PA,0.0027419680615045133,Alto risco
1200104,Brasiléia,AC,0.002757963140074897,Alto risco
1600204,Calçoene,AP,0.0027616173026617143,Alto risco
1200328,Jordão,AC,0.0027709093712030212,Alto risco
2401651,Bodó,RN,0.002779220673896255,Alto risco
2604403,Chã de Alegria,PE,0.002788456222129868,Alto risco
2804607,Nossa Senhora das Dores,SE,0.0028377844784294075,Alto risco
1200302,Feijó,AC,0.0028383475623711533,Alto risco
1200179,Capixaba,AC,0.002849676729805573,Alto risco
1502954,Eldorado do Carajás,PA,0.002858511449141809,Alto risco
2806107,Rosário do Catete,SE,0.002872932033047905,Alto risco
1301100,Careiro,AM,0.0029005682604262644,Alto risco
1600402,Mazagão,AP,0.0029082906129506325,Alto risco
2410306,Serra Caiada,RN,0.0029108857513700137,Alto risco
2611533,Quixaba,PE,0.0029250250941237356,Alto risco
1506583,Santa Maria das Barreiras,PA,0.0029340007973409437,Alto risco
2406601,Lagoa Salgada,RN,0.0029454599335770296,Alto risco
2807501,Tomar do Geru,SE,0.002972872489108418,Alto risco
1703883,Carmolândia,TO,0.002982963770568195,Alto risco
1301506,Envira,AM,0.002987227238636901,Alto risco
1600303,Macapá,AP,0.002995509106871928,Alto risco
2402501,Carnaubais,RN,0.003014434234338339,Alto risco
2802700,Ilha das Flores,SE,0.0030353281401361188,Alto risco
2603801,Capoeiras,PE,0.0030401353304268836,Alto risco
2408706,Paraú,RN,0.003042436977556874,Alto risco
2308807,Moraújo,CE,0.0031459878253582616,Alto risco
1200500,Sena Madureira,AC,0.003147833425025645,Alto risco
1301951,Itamarati,AM,0.0031557000496866805,Alto risco
2610806,Pedra,PE,0.0031558936898869122,Alto risco
2309706,Pacatuba,CE,0.0031767112950537102,Alto risco
1600055,Serra do Navio,AP,0.0031836767353449554,Alto risco
1300300,Autazes,AM,0.003185934602838888,Alto risco
1503044,Floresta do Araguaia,PA,0.0032081921132207265,Alto risco
1718501,Recursolândia,TO,0.003234809147427891,Alto risco
1713957,Muricilândia,TO,0.003246168281386679,Alto risco
2804508,Nossa Senhora da Glória,SE,0.0032705407024852095,Alto risco
1718204,Porto Nacional,TO,0.0032854667200828713,Alto risco
2612000,Sairé,PE,0.0032965306020873862,Alto risco
2806701,São Cristóvão,SE,0.0033441823546173245,Alto risco
1200807,Porto Acre,AC,0.0033509313395140477,Alto risco
1303106,Nova Olinda do Norte,AM,0.0033523739023714125,Alto risco
1703891,Carrasco Bonito,TO,0.0033685533159220926,Alto risco
2311207,Potengi,CE,0.003370429961435407,Alto risco
1200013,Acrelândia,AC,0.003387068405864815,Alto risco
2313005,Solonópole,CE,0.0033892080018814545,Alto risco
2307601,Limoeiro do Norte,CE,0.0033943365111937253,Alto risco
1304005,Silves,AM,0.003400867156316521,Alto risco
1713700,Monte Santo do Tocantins,TO,0.003402516962941506,Alto risco
1300631,Beruri,AM,0.0034287915762170095,Alto risco
2612307,Saloá,PE,0.0034402832202232664,Alto risco
2413003,São Vicente,RN,0.0034684428765473204,Alto risco
1200708,Xapuri,AC,0.0034764651987173345,Alto risco
2605103,Custódia,PE,0.003502707169927899,Alto risco
2606903,Iguaracy,PE,0.003521130676558277,Alto risco
1715101,Novo Acordo,TO,0.0035389337379520673,Alto risco
2406304,Lagoa de Pedras,RN,0.0035481491787290095,Alto risco
1301654,Guajará,AM,0.0035540444135181296,Alto risco
2407005,Luís Gomes,RN,0.003573427031005259,Alto risco
1713304,Miranorte,TO,0.003579987151589332,Alto risco
1505551,Pau D'Arco,PA,0.0036063992876491325,Alto risco
1303957,São Sebastião do Uatumã,AM,0.0036220216250239636,Alto risco
2607406,Itacuruba,PE,0.0036719370224572103,Alto risco
2803500,Lagarto,SE,0.0036724751549872857,Alto risco
2805307,Pirambu,SE,0.0036929855691419738,Alto risco
1600808,Vitória do Jari,AP,0.003767735887305467,Alto risco
1600501,Oiapoque,AP,0.0037988487518745197,Alto risco
1300805,Borba,AM,0.0038298055884809644,Alto risco
2308203,Meruoca,CE,0.003858749935171175,Alto risco
1720903,Taguatinga,TO,0.00388427369923071,Alto risco
2312700,Senador Pompeu,CE,0.003895221130093719,Alto risco
1501808,Breves,PA,0.0038971223224494905,Alto risco
2800605,Barra dos Coqueiros,SE,0.003933173015359672,Alto risco
1301605,Fonte Boa,AM,0.0039392056471618635,Alto risco
2601409,Barreiros,PE,0.003942757731093903,Alto risco
2406155,Jundiá,RN,0.00402608273682165,Alto risco
2613008,São Bento do Una,PE,0.0040798921898974735,Alto risco
1200609,Tarauacá,AC,0.004081568411444916,Alto risco
1200252,Epitaciolândia,AC,0.004123474094918011,Alto risco
2405702,Jardim do Seridó,RN,0.004130669978863851,Alto risco
1200054,Assis Brasil,AC,0.00416269091738961,Alto risco
2601904,Bezerros,PE,0.004220211857177291,Alto risco
2805703,Propriá,SE,0.004246829499308342,Alto risco
1507300,São Félix do Xingu,PA,0.004294599905272414,Alto risco
1707009,Dianópolis,TO,0.004296212549864431,Alto risco
1713601,Monte do Carmo,TO,0.004300847723144992,Alto risco
1200351,Marechal Thaumaturgo,AC,0.004316937048508821,Alto risco
2403608,Extremoz,RN,0.004318161775578775,Alto risco
1200393,Porto Walter,AC,0.00435087958781264,Alto risco
1714203,Natividade,TO,0.004366521227039562,Alto risco
1600535,Porto Grande,AP,0.00438074499293305,Alto risco
1600238,Ferreira Gomes,AP,0.0044897736254589544,Alto risco
1200336,Mâncio Lima,AC,0.004497327118726207,Alto risco
1716505,Pedro Afonso,TO,0.004500702031774773,Alto risco
1508100,Tucuruí,PA,0.004504695486539235,Alto risco
2613107,São Caitano,PE,0.004514900838389785,Alto risco
1718303,Praia Norte,TO,0.004554090422220275,Alto risco
1715002,Nova Rosalândia,TO,0.004556214640526009,Alto risco
2601102,Araripina,PE,0.004594187377583602,Alto risco
2803708,Macambira,SE,0.004598531932874351,Alto risco
1600709,Tartarugalzinho,AP,0.004704195563007829,Alto risco
2603702,Canhotinho,PE,0.004717536651139143,Alto risco
1600253,Itaubal,AP,0.004780786187546531,Alto risco
1200344,Manoel Urbano,AC,0.0047848687936830996,Alto risco
1302702,Manicoré,AM,0.00485544246836328,Alto risco
2801603,Cedro de São João,SE,0.004876339514496512,Alto risco
1600154,Pedra Branca do Amapari,AP,0.0048808432400659916,Alto risco
1303205,Novo Airão,AM,0.005205467522866558,Alto risco
1707652,Figueirópolis,TO,0.005268941301768374,Alto risco
1200401,Rio Branco,AC,0.005316416325377955,Alto risco
1501758,Brejo Grande do Araguaia,PA,0.005349400362940064,Alto risco
2601300,Barra de Guabiraba,PE,0.005493730493174149,Alto risco
1504059,Mãe do Rio,PA,0.0055066259967600254,Alto risco
2804805,Nossa Senhora do Socorro,SE,0.005851197981134583,Alto risco
1600212,Cutias,AP,0.0058551175148904245,Alto risco
2807204,Siriri,SE,0.006613822333721549,Alto risco
1302900,Maués,AM,0.00709172140276885,Alto risco
2702553,Estrela de Alagoas,AL,0.0072120883960079775,Alto risco
1600600,Santana,AP,0.007565945111106122,Alto risco
1100106,Guajará-Mirim,RO,0.007738302583959536,Alto risco
2708402,São José da Tapera,AL,0.009353100198892943,Alto risco
2201150,Baixa Grande do Ribeiro,PI,0.009587706505566108,Alto risco
2207603,Parnaguá,PI,0.010778951806924595,Alto risco
2702009,Coité do Nóia,AL,0.012453524446853822,Alto risco
2704104,Lagoa da Canoa,AL,0.012457138178711231,Alto risco
2911402,Glória,BA,0.012543952092385282,Alto risco
2704203,Limoeiro de Anadia,AL,0.012747601520895097,Alto risco
2705101,Matriz de Camaragibe,AL,0.012822381218504536,Alto risco
2910602,Esplanada,BA,0.012895427440417828,Alto risco
2211407,Várzea Grande,PI,0.013074716096332971,Alto risco
2926657,Ribeirão do Largo,BA,0.013094544686736771,Alto risco
2703106,Igaci,AL,0.013356695863882011,Alto risco
2933307,Vitória da Conquista,BA,0.013371708170764426,Alto risco
2206670,Morro do Chapéu do Piauí,PI,0.013632814058868993,Alto risco
2207306,Paes Landim,PI,0.013737880592132103,Alto risco
2203800,Flores do Piauí,PI,0.01431447243073538,Alto risco
1100940,Cujubim,RO,0.014356733314929312,Alto risco
2208700,Redenção do Gurguéia,PI,0.014395538074305618,Alto risco
1101468,Pimenteiras do Oeste,RO,0.014778520198598374,Alto risco
2907004,Cardeal da Silva,BA,0.014856082061021856,Alto risco
2701308,Cajueiro,AL,0.01501251047598528,Alto risco
2202851,Coronel José Dias,PI,0.015148149418758841,Alto risco
1400308,Mucajaí,RR,0.015257481633194243,Alto risco
1400472,Rorainópolis,RR,0.015519350025418186,Alto risco
2504504,Condado,PB,0.015545088517766658,Alto risco
2909406,Cotegipe,BA,0.015864602728921946,Alto risco
2922656,Nordestina,BA,0.015928765101650838,Alto risco
2916500,Itapicuru,BA,0.01600067351545553,Alto risco
1101005,Governador Jorge Teixeira,RO,0.01602593751071545,Alto risco
2513158,Santa Cecília,PB,0.016102186052706628,Alto risco
2923308,Ouriçangas,BA,0.016127630065008548,Alto risco
2201903,Bom Jesus,PI,0.016199376931375124,Alto risco
2707008,Pindoba,AL,0.016305093000913172,Alto risco
2705408,Monteirópolis,AL,0.01643421460631343,Alto risco
1100031,Cabixi,RO,0.016524152993385145,Alto risco
2200707,Anísio de Abreu,PI,0.01657351860965109,Alto risco
1400282,Iracema,RR,0.016615707884893877,Alto risco
2909901,Curaçá,BA,0.016759511961860152,Alto risco
1101435,Nova União,RO,0.016777812702498517,Alto risco
2501807,Bayeux,PB,0.016796923921999433,Alto risco
2704500,Maragogi,AL,0.016873190793151,Alto risco
2208908,Ribeiro Gonçalves,PI,0.017021430500914883,Alto risco
2207777,Patos do Piauí,PI,0.017034183363318644,Alto risco
1100254,Presidente Médici,RO,0.017099889277055243,Alto risco
2707206,Poço das Trincheiras,AL,0.017101861549561507,Alto risco
2930402,Serra Preta,BA,0.017164844360599552,Alto risco
2928802,Santo Estêvão,BA,0.017203910883575178,Alto risco
1101708,Urupá,RO,0.017207054063511567,Alto risco
2932309,Ubatã,BA,0.017272557428790084,Alto risco
1100205,Porto Velho,RO,0.017444971727829384,Alto risco
2700607,Barra de São Miguel,AL,0.017478443914873434,Alto risco
1400050,Alto Alegre,RR,0.017537534046083218,Alto risco
2931905,Tucano,BA,0.01855634178416626,Alto risco
1100502,Novo Horizonte do Oeste,RO,0.01870252362787175,Alto risco
2701209,Cacimbinhas,AL,0.01893937485452449,Alto risco
1400175,Cantá,RR,0.019347793552929076,Alto risco
2207553,Paquetá,PI,0.0194851507436035,Alto risco
2902302,Aratuípe,BA,0.01982025903668711,Alto risco
1100080,Costa Marques,RO,0.01983317672418993,Alto risco
1100015,Alta Floresta D'Oeste,RO,0.019976291554896435,Alto risco
1101104,Itapuã do Oeste,RO,0.02004783293540241,Alto risco
1400506,São João da Baliza,RR,0.02021529190991627,Alto risco
2201309,Barreiras do Piauí,PI,0.0203150404585198,Alto risco
2901403,Angical,BA,0.02057317450529608,Alto risco
2207355,Pajeú do Piauí,PI,0.020607916608454683,Alto risco
2704005,Junqueiro,AL,0.020797674761616234,Alto risco
2108058,Paulino Neves,MA,0.020926484600171737,Alto risco
2108256,Pedro do Rosário,MA,0.020996451946587204,Alto risco
1400456,Pacaraima,RR,0.02100536958611635,Alto risco
2202752,Colônia do Gurguéia,PI,0.021149298018674337,Alto risco
1101757,Vale do Anari,RO,0.021327823005277104,Alto risco
2110005,Santa Luzia,MA,0.021369578161700667,Alto risco
2928950,São Domingos,BA,0.021425524195685042,Alto risco
2701902,Chã Preta,AL,0.021803759739929946,Alto risco
2919702,Macarani,BA,0.021805230973639796,Alto risco
2205300,Jerumenha,PI,0.021926859998777058,Alto risco
2703304,Inhapi,AL,0.022051953659361738,Alto risco
2516607,Tavares,PB,0.022145557736904596,Alto risco
1100056,Cerejeiras,RO,0.02214621370331848,Alto risco
2516805,Triunfo,PB,0.0224870604020543,Alto risco
2505303,Curral Velho,PB,0.022583277034984243,Alto risco
1400233,Caroebe,RR,0.022597065770961156,Alto risco
2511301,Piancó,PB,0.02283516815168372,Alto risco
1400027,Amajari,RR,0.02286746140653544,Alto risco
2509107,Mari,PB,0.023084658934306793,Alto risco
2913903,Ipiaú,BA,0.023218483739193205,Alto risco
2503308,Cachoeira dos Índios,PB,0.023256247394688973,Alto risco
2709103,Taquarana,AL,0.023709434190848942,Alto risco
2104701,Graça Aranha,MA,0.024220683502584966,Alto risco
2700102,Água Branca,AL,0.02423271123755714,Alto risco
2111904,Sucupira do Norte,MA,0.02433368545795363,Alto risco
1100114,Jaru,RO,0.02434920168240918,Alto risco
2906857,Capela do Alto Alegre,BA,0.02444005103920349,Alto risco
1400209,Caracaraí,RR,0.024629362464744606,Alto risco
1400159,Bonfim,RR,0.024641126015926555,Alto risco
2701357,Campestre,AL,0.0246426990756379,Alto risco
2515971,Sobrado,PB,0.024817449443645646,Alto risco
2203107,Cristino Castro,PI,0.02518324793517683,Alto risco
2102358,Buritirana,MA,0.025451108796250642,Alto risco
1400100,Boa Vista,RR,0.025465298280052853,Alto risco
1400605,São Luiz do Anauá,RR,0.025805924121429985,Alto risco
2111748,Senador Alexandre Costa,MA,0.02627591936597957,Alto risco
1100338,Nova Mamoré,RO,0.026579953212762717,Alto risco
2500403,Alagoa Nova,PB,0.02668560500280307,Alto risco
1100098,Espigão D'Oeste,RO,0.02672770863715627,Alto risco
2501401,Baía da Traição,PB,0.026769377720772845,Alto risco
1400407,Normandia,RR,0.026781670375254397,Alto risco
2107506,Paço do Lumiar,MA,0.02702676282500591,Alto risco
2207959,Nova Santa Rita,PI,0.027477136844185977,Alto risco
2102903,Carutapera,MA,0.02821516454948064,Alto risco
2509370,Mato Grosso,PB,0.0283347750077784,Alto risco
1400704,Uiramutã,RR,0.028541124954227583,Alto risco
2109452,Raposa,MA,0.030000696149714123,Alto risco
2501609,Barra de Santa Rosa,PB,0.030133872340233417,Alto risco
2113009,Vitorino Freire,MA,0.03038962439353118,Alto risco
2102556,Campestre do Maranhão,MA,0.031395492466342045,Alto risco
2100055,Açailândia,MA,0.03177138813904381,Alto risco
2504801,Coremas,PB,0.03264435266281339,Alto risco
2205508,José de Freitas,PI,0.03287088665087118,Alto risco
2101731,Belágua,MA,0.03341707235743993,Alto risco
1100304,Vilhena,RO,0.03371863980637791,Alto risco
2109759,Santa Filomena do Maranhão,MA,0.033980416814276826,Alto risco
2105500,João Lisboa,MA,0.037798527744241535,Alto risco
2109304,Presidente Vargas,MA,0.03834050223506471,Alto risco
2104503,Governador Archer,MA,0.04081149547230958,Alto risco
2500908,Arara,PB,0.04108451213701176,Alto risco
2511103,Pedra Lavrada,PB,0.04138675146550358,Alto risco
2514701,São José do Sabugi,PB,0.04170329248430573,Alto risco
2102309,Buriti Bravo,MA,0.04339672459079672,Alto risco
5300108,Brasília,DF,0.047860543015516184,Alto risco
2107308,Nova Iorque,MA,0.05323724644908943,Alto risco
2517001,Umbuzeiro,PB,0.05438174192125608,Alto risco
2517100,Várzea,PB,0.05733726644801851,Alto risco
1100452,Buritis,RO,0.0851098201848532,Alto risco
5003702,Dourados,MS,0.16431911266289714,Alto risco
5222203,Vila Boa,GO,0.17392898612913826,Alto risco
5106224,Nova Mutum,MT,0.1992415898065205,Alto risco
5212006,Jaupaci,GO,0.2002353714910553,Alto risco
5205802,Corumbá de Goiás,GO,0.20400190918035943,Alto risco
5007695,São Gabriel do Oeste,MS,0.2135582126656157,Alto risco
5220686,Simolândia,GO,0.21454072936396093,Alto risco
5215801,Palmelo,GO,0.21688409885404533,Alto risco
5107883,Serra Nova Dourada,MT,0.22191887981275682,Alto risco
5200050,Abadia de Goiás,GO,0.22291479998589983,Alto risco
5001102,Aquidauana,MS,0.22496111766638818,Alto risco
5217302,Pirenópolis,GO,0.22506056737152705,Alto risco
5215009,Nova Veneza,GO,0.2269697816582803,Alto risco
5000708,Anastácio,MS,0.22767308857730337,Alto risco
5105200,Juscimeira,MT,0.22771419181271052,Alto risco
5006259,Novo Horizonte do Sul,MS,0.23233231290138856,Alto risco
5202809,Avelinópolis,GO,0.23975501800096027,Alto risco
5106653,Pontal do Araguaia,MT,0.24089649303044117,Alto risco
5000609,Amambai,MS,0.24111885152601994,Alto risco
5004601,Itaquiraí,MS,0.25008519594677636,Alto risco
5004908,Jaraguari,MS,0.25038724942632395,Alto risco
5108907,Nova Maringá,MT,0.25585355364926976,Alto risco
5000203,Água Clara,MS,0.25629069749067157,Alto risco
5108501,Vera,MT,0.26415343356994914,Alto risco
5218789,Rio Quente,GO,0.2646296438879396,Alto risco
5005202,Ladário,MS,0.271012969180756,Alto risco
5103601,Dom Aquino,MT,0.2748757530402457,Alto risco
5218391,Professor Jamil,GO,0.27679568090912887,Alto risco
5003488,Dois Irmãos do Buriti,MS,0.2801925452409142,Alto risco
5210604,Itaguaru,GO,0.2859806063567462,Alto risco
5005681,Mundo Novo,MS,0.2919471348412323,Alto risco
5006275,Paraíso das Águas,MS,0.2939092244557674,Alto risco
5003454,Deodápolis,MS,0.2943833736891027,Alto risco
5203104,Baliza,GO,0.3057131208580602,Risco moderado
5105606,Matupá,MT,0.30972814428203765,Risco moderado
5104609,Itiquira,MT,0.3299884786439588,Risco moderado
5101605,Barão de Melgaço,MT,0.3368180480479225,Risco moderado
5004502,Itaporã,MS,0.3653363444126817,Risco moderado
5103205,Colíder,MT,0.3693369122322831,Risco moderado
5212808,Mara Rosa,GO,0.39480458608436025,Risco moderado
5220504,Serranópolis,GO,0.39753737348540075,Risco moderado
5005103,Jateí,MS,0.4049491207492945,Risco moderado
5100359,Alto Boa Vista,MT,0.4184244675607604,Risco moderado
5003207,Corumbá,MS,0.41929830636699245,Risco moderado
5101837,Boa Esperança do Norte,MT,0.43495835765067037,Risco moderado
5206701,Damianópolis,GO,0.4365766284949955,Risco moderado
5208004,Formosa,GO,0.4404543609616783,Risco moderado
5102504,Cáceres,MT,0.46207724226339164,Risco moderado
5107800,Santo Antônio de Leverger,MT,0.4712478533996711,Risco moderado
5210158,Ipiranga de Goiás,GO,0.4836182965826806,Risco moderado
5007406,Rio Verde de Mato Grosso,MS,0.4875818380970202,Risco moderado
5000807,Anaurilândia,MS,0.489497623967687,Risco moderado
5002209,Bonito,MS,0.4980458347540537,Risco moderado
5108808,Nova Guarita,MT,0.508136153092905,Risco moderado
5205703,Córrego do Ouro,GO,0.5121158105937241,Risco moderado
5102603,Campinápolis,MT,0.5129321409236434,Risco moderado
5203962,Buritinópolis,GO,0.5468080568481943,Risco moderado
5102850,Castanheira,MT,0.5515260281904562,Risco moderado
5107263,Santo Afonso,MT,0.5921969310788321,Risco moderado
5108402,Várzea Grande,MT,0.5922078002258109,Risco moderado
3202801,Itapemirim,ES,0.5985223594955132,Risco moderado
3201605,Conceição da Barra,ES,0.6982993182318257,Baixo risco
3200409,Anchieta,ES,0.7190802569379479,Baixo risco
3549201,São João das Duas Pontes,SP,0.7226929665667893,Baixo risco
3204609,Santa Teresa,ES,0.7493702475693412,Baixo risco
3201407,Castelo,ES,0.7512709995947786,Baixo risco
3201704,Conceição do Castelo,ES,0.7911228009979681,Baixo risco
3200607,Aracruz,ES,0.7979583229684283,Baixo risco
3200102,Afonso Cláudio,ES,0.8021462622429038,Baixo risco
3200904,Barra de São Francisco,ES,0.8035660955714107,Baixo risco
3204104,Pinheiros,ES,0.8047917655394756,Baixo risco
3202405,Guarapari,ES,0.8113751896345065,Baixo risco
3202652,Irupi,ES,0.8150323405735291,Baixo risco
3204054,Pedro Canário,ES,0.815894594859145,Baixo risco
3201308,Cariacica,ES,0.8333066383296537,Baixo risco
3203353,Marilândia,ES,0.8337599202735207,Baixo risco
3201159,Brejetuba,ES,0.838062062834847,Baixo risco
3203502,Montanha,ES,0.8407615427580558,Baixo risco
3204708,São Gabriel da Palha,ES,0.8566207885142514,Baixo risco
3204351,Rio Bananal,ES,0.8601364683885434,Baixo risco
4201000,Anita Garibaldi,SC,0.8609791494110143,Baixo risco
3203601,Mucurici,ES,0.8709959839409379,Baixo risco
3546603,Santa Fé do Sul,SP,0.8745922071249607,Baixo risco
3530201,Mirante do Paranapanema,SP,0.8794069405236541,Baixo risco
3520004,Igaraçu do Tietê,SP,0.8875991890496786,Baixo risco
3536406,Paulicéia,SP,0.8925818507456784,Baixo risco
3502200,Angatuba,SP,0.8957682704542312,Baixo risco
3523800,Itobi,SP,0.899217357230729,Baixo risco
3529906,Miracatu,SP,0.9019158759594937,Baixo risco
3510302,Capela do Alto,SP,0.9035919996196368,Baixo risco
3517307,Guaimbê,SP,0.9039023695613914,Baixo risco
3532108,Murutinga do Sul,SP,0.907409549369142,Baixo risco
3506359,Bertioga,SP,0.907831606806694,Baixo risco
3503406,Arealva,SP,0.9084731994929691,Baixo risco
3502606,Aparecida d'Oeste,SP,0.9091615737830655,Baixo risco
3515905,Floreal,SP,0.9098193456950575,Baixo risco
3553401,Tanabi,SP,0.9122813223559995,Baixo risco
4207502,Indaial,SC,0.9168347243001966,Baixo risco
3523404,Itatiba,SP,0.9176138669543075,Baixo risco
4210506,Maravilha,SC,0.9191720010047502,Baixo risco
3520426,Ilha Comprida,SP,0.9209252423562154,Baixo risco
3525201,Jarinu,SP,0.9254190855987594,Baixo risco
4201505,Armazém,SC,0.9257419055694981,Baixo risco
3163003,São José da Safira,MG,0.9275004932566371,Baixo risco
3301876,Iguaba Grande,RJ,0.9287650671416516,Baixo risco
4207858,Irati,SC,0.9307406696701612,Baixo risco
3304409,Rio Claro,RJ,0.9312429854140881,Baixo risco
3302700,Maricá,RJ,0.9316998674875087,Baixo risco
3150539,Pingo-d'Água,MG,0.932121981386532,Baixo risco
4205159,Doutor Pedrinho,SC,0.9339105542113949,Baixo risco
3536307,Patrocínio Paulista,SP,0.9351210474802361,Baixo risco
3147303,Paraisópolis,MG,0.9352307002250989,Baixo risco
4206603,Guarujá do Sul,SC,0.9368834084310701,Baixo risco
4205191,Ermo,SC,0.937227387115164,Baixo risco
3304607,Santa Maria Madalena,RJ,0.9394820355019348,Baixo risco
4215703,Santo Amaro da Imperatriz,SC,0.939892639083082,Baixo risco
3122009,Divino,MG,0.9409130448887817,Baixo risco
4203501,Campo Erê,SC,0.9412279136298357,Baixo risco
4214151,Princesa,SC,0.9415910040206247,Baixo risco
4205506,Fraiburgo,SC,0.9433614173748265,Baixo risco
3300506,Bom Jardim,RJ,0.9455994462563566,Baixo risco
3103009,Antônio Dias,MG,0.9459900787902177,Baixo risco
4216057,São Cristóvão do Sul,SC,0.9475552743562858,Baixo risco
3304110,Porto Real,RJ,0.9481407678288006,Baixo risco
3143153,Monte Formoso,MG,0.9483858131566276,Baixo risco
3106606,Bertópolis,MG,0.9488377343688962,Baixo risco
4211892,Painel,SC,0.9504252188629471,Baixo risco
3303609,Paracambi,RJ,0.9509639231647101,Baixo risco
3170438,União de Minas,MG,0.951808183808462,Baixo risco
3303005,Miracema,RJ,0.9521698109244403,Baixo risco
3300803,Cachoeiras de Macacu,RJ,0.9529429330694091,Baixo risco
3305802,Teresópolis,RJ,0.9531666145346517,Baixo risco
3301850,Guapimirim,RJ,0.9552429737338766,Baixo risco
4212908,Pinhalzinho,SC,0.9553469127988633,Baixo risco
3302502,Magé,RJ,0.9555195475590806,Baixo risco
3304904,São Gonçalo,RJ,0.9562898912293325,Baixo risco
3302056,Italva,RJ,0.9573373076226168,Baixo risco
4209102,Joinville,SC,0.9576059706071214,Baixo risco
3158904,Santana do Manhuaçu,MG,0.957871414831942,Baixo risco
4214201,Quilombo,SC,0.9581145262073919,Baixo risco
3302254,Itatiaia,RJ,0.9595507666438073,Baixo risco
3121209,Delfinópolis,MG,0.9602053196149695,Baixo risco
3122405,Divisa Nova,MG,0.9608856673373554,Baixo risco
4322103,Tucunduva,RS,0.9613456422771818,Baixo risco
3150109,Piau,MG,0.961894156987454,Baixo risco
4208401,Itapiranga,SC,0.9620984042500129,Baixo risco
3142007,Mirabela,MG,0.9633936860228599,Baixo risco
4205555,Frei Rogério,SC,0.9636859883182046,Baixo risco
3300159,Aperibé,RJ,0.9642678597932687,Baixo risco
3306305,Volta Redonda,RJ,0.9644362618939724,Baixo risco
4312401,Montenegro,RS,0.9662466320038732,Baixo risco
4317004,Santana da Boa Vista,RS,0.9662682986815307,Baixo risco
3129905,Ibitiúra de Minas,MG,0.9664929885261846,Baixo risco
4320305,Selbach,RS,0.966676780707238,Baixo risco
4305447,Chuvisca,RS,0.9669204157822862,Baixo risco
3168507,Teixeiras,MG,0.9669916687250272,Baixo risco
3305406,Sapucaia,RJ,0.9674700140811708,Baixo risco
3305604,Silva Jardim,RJ,0.9675663768982169,Baixo risco
4211454,Nova Itaberaba,SC,0.9684675786147431,Baixo risco
3112505,Capim Branco,MG,0.9685467046215865,Baixo risco
3125705,Felixlândia,MG,0.9687822050621504,Baixo risco
3301009,Campos dos Goytacazes,RJ,0.9693659636393772,Baixo risco
3120003,Córrego Novo,MG,0.970341368539948,Baixo risco
4117909,Palotina,PR,0.9716042498123851,Baixo risco
4306551,Dom Pedro de Alcântara,RS,0.9724481613977468,Baixo risco
4320800,Soledade,RS,0.9728317351674627,Baixo risco
4320651,Silveira Martins,RS,0.9740555103025933,Baixo risco
4107702,Fênix,PR,0.9741633045165567,Baixo risco
3106804,Bias Fortes,MG,0.9742268608453665,Baixo risco
4100202,Adrianópolis,PR,0.9747034823795858,Baixo risco
4301404,Arvorezinha,RS,0.9757644878860955,Baixo risco
4314803,Portão,RS,0.9768161915919951,Baixo risco
4116950,Nova Esperança do Sudoeste,PR,0.97744325683992,Baixo risco
3145356,Novo Oriente de Minas,MG,0.9775240682364308,Baixo risco
4114906,Marilândia do Sul,PR,0.9779593958309923,Baixo risco
4124608,São Carlos do Ivaí,PR,0.9781435636015169,Baixo risco
4310751,Ivorá,RS,0.9786471731329268,Baixo risco
4106407,Cornélio Procópio,PR,0.9790725379304074,Baixo risco
4113908,Mallet,PR,0.9791628630513645,Baixo risco
4302253,Boa Vista do Sul,RS,0.9792808359463567,Baixo risco
4102604,Barracão,PR,0.9797576342720427,Baixo risco
4316204,Rondinha,RS,0.9800547555520673,Baixo risco
4120507,Primeiro de Maio,PR,0.9801045305149124,Baixo risco
4115739,Mato Rico,PR,0.9801232390480137,Baixo risco
4126009,São Sebastião da Amoreira,PR,0.9807762668373969,Baixo risco
4306932,Entre-Ijuís,RS,0.9809152202025359,Baixo risco
4117800,Palmital,PR,0.9819294638144479,Baixo risco
4312153,Mato Leitão,RS,0.9822760775727728,Baixo risco
4127304,Terra Rica,PR,0.9835307690085461,Baixo risco
4126678,Tamarana,PR,0.9840134370152784,Baixo risco
4305371,Charrua,RS,0.9842436840519345,Baixo risco
4322152,Tunas,RS,0.9845989885546934,Baixo risco
4110201,Inácio Martins,PR,0.9848664465933407,Baixo risco
4117602,Palmas,PR,0.9849231403252952,Baixo risco
4306320,Derrubadas,RS,0.9861504413137744,Baixo risco
4308656,Garruchos,RS,0.9861923032665547,Baixo risco
4115200,Maringá,PR,0.9866593660108017,Baixo risco
4109500,Guaraqueçaba,PR,0.9872219928633705,Baixo risco
4314308,Pejuçara,RS,0.9885961439555719,Baixo risco
4114351,Manfrinópolis,PR,0.99041029952692,Baixo risco
